id	absolute
1001	38.4
1003	39.6
1005	36.1
1007	39.1
1009	42
1011	34.2
1013	37.9
1015	38.3
1017	35.4
1019	37
1021	40.3
1023	40.5
1025	39.9
1027	40.9
1029	43.9
1031	41
1033	38.8
1035	38.5
1037	37.9
1039	43.4
1041	44
1043	42.2
1045	39.8
1047	35.5
1049	42.4
1051	39.1
1053	40.2
1055	39.3
1057	42.8
1059	42.6
1061	38.6
1063	34.8
1065	37.2
1067	37.7
1069	38.1
1071	42.1
1073	36.2
1075	44.3
1077	42.2
1079	40.6
1081	36.7
1083	38.9
1085	34.7
1087	33.7
1089	37.1
1091	37.8
1093	43.2
1095	41.7
1097	37.4
1099	38.1
1101	34.3
1103	38.8
1105	36
1107	37.7
1109	40
1111	38.2
1113	35.7
1115	40.8
1117	40.4
1119	35.7
1121	37.4
1123	38
1125	37.3
1127	41.1
1129	43.1
1131	35.1
1133	41.1
2013	
2016	
2020	44.1
2050	34.1
2060	
2068	
2070	
2090	45
2100	
2110	41.7
2122	47.3
2130	43.8
2150	45.7
2164	
2170	47.7
2180	30.7
2185	31.2
2188	31.3
2201	38.6
2220	38
2232	
2240	50.7
2261	45.9
2270	
2280	44.2
2282	
2290	41.9
4001	34.6
4003	42.9
4005	39.5
4007	38.2
4009	44.7
4011	44.4
4012	37.2
4013	40.7
4015	40.4
4017	35.8
4019	39
4021	36.1
4023	43
4025	43.2
4027	44
5001	39.8
5003	38.6
5005	43.5
5007	44
5009	44.8
5011	40.7
5013	
5015	44.4
5017	35.1
5019	41
5021	42.3
5023	46.8
5025	40.2
5027	39.6
5029	42.9
5031	41.2
5033	41
5035	33.5
5037	39
5039	37.1
5041	36.4
5043	38.1
5045	43.3
5047	45.4
5049	44.8
5051	40.2
5053	43.4
5055	40.7
5057	37.8
5059	39.7
5061	39
5063	44.3
5065	44.1
5067	38.6
5069	35.7
5071	43.5
5073	36.1
5075	43.2
5077	37.4
5079	38.4
5081	41.4
5083	43.1
5085	39.9
5087	43.4
5089	44.1
5091	38.1
5093	36.9
5095	39.8
5097	
5099	39.8
5101	42.9
5103	37.5
5105	44
5107	35
5109	45.3
5111	38
5113	45.3
5115	41.4
5117	40.5
5119	35.8
5121	43
5123	35.1
5125	40.6
5127	42.7
5129	46.9
5131	40.2
5133	44.3
5135	43.7
5137	40
5139	37.4
5141	45.4
5143	42.8
5145	42.8
5147	37.6
5149	42.1
6001	42.5
6003	
6005	44.2
6007	41.3
6009	42.8
6011	47.8
6013	43.6
6015	38.6
6017	45.6
6019	40.8
6021	43.6
6023	38.9
6025	44
6027	43.7
6029	45.3
6031	42.2
6033	40.4
6035	44.3
6037	43.3
6039	41.7
6041	46.7
6043	45.1
6045	40
6047	42
6049	46.7
6051	48.1
6053	43.6
6055	47.3
6057	44.2
6059	46.4
6061	45.4
6063	44
6065	41.8
6067	41.6
6069	43.8
6071	42
6073	44.3
6075	47.8
6077	42.6
6079	45.1
6081	47
6083	44.4
6085	45.6
6087	43.4
6089	41.9
6091	
6093	44.5
6095	42.8
6097	43.6
6099	42.2
6101	44.6
6103	41.4
6105	42.5
6107	42.1
6109	44.8
6111	44.5
6113	44.3
6115	42.4
8001	41.7
8003	44.1
8005	44
8007	43.7
8009	
8011	
8013	46.8
8015	48.1
8017	
8019	
8021	48
8023	
8025	
8027	
8029	50.3
8031	37.6
8033	
8035	47.9
8037	45.9
8039	46.7
8041	41.2
8043	45.6
8045	49.3
8047	
8049	42.7
8051	48.3
8053	
8055	43.2
8057	
8059	45.4
8061	
8063	55.5
8065	43
8067	47.8
8069	45.4
8071	45.5
8073	
8075	50.1
8077	46.6
8079	
8081	48.6
8083	46.4
8085	45.1
8087	47.8
8089	43.2
8091	
8093	48.6
8095	
8097	42
8099	48.3
8101	39.2
8103	56.7
8105	44.8
8107	50.9
8109	45.3
8111	
8113	
8115	
8117	48.4
8119	45.6
8121	
8123	44.3
8125	54.3
9001	42.9
9003	41.6
9005	44.3
9007	44.7
9009	41.9
9011	42.8
9013	46.1
9015	42.9
10001	39.7
10003	37.1
10005	37.9
11001	35.8
12001	38.1
12003	39.6
12005	39.7
12007	38.9
12009	39.5
12011	40.3
12013	40.3
12015	41.9
12017	40.8
12019	40.9
12021	40.4
12023	38.3
12027	37
12029	41.1
12031	36.7
12033	38.1
12035	40.2
12037	36
12039	33.8
12041	41.3
12043	
12045	36.1
12047	37.3
12049	40.7
12051	38.8
12053	40.4
12055	39.5
12057	38.7
12059	41.6
12061	38.9
12063	40
12065	36.7
12067	
12069	38.1
12071	39.1
12073	37.8
12075	38.6
12077	
12079	35.4
12081	37.5
12083	38.3
12085	39.1
12086	42
12087	43.7
12089	37.7
12091	40.8
12093	39
12095	38.5
12097	40.2
12099	39.3
12101	39.1
12103	39.6
12105	39.3
12107	36.9
12109	39.3
12111	37.6
12113	42.8
12115	40.2
12117	41.3
12119	37.6
12121	41.1
12123	39.8
12125	38.1
12127	39.6
12129	39.5
12131	39.5
12133	40.7
13001	39.1
13003	37.6
13005	37.4
13007	
13009	32.9
13011	40.8
13013	37.6
13015	37.4
13017	36.6
13019	40.4
13021	34
13023	35.8
13025	38.7
13027	35.8
13029	38.8
13031	35.4
13033	35.4
13035	36
13037	35.3
13039	38.4
13043	34.5
13045	38.8
13047	40.8
13049	40
13051	35
13053	
13055	38.8
13057	42.1
13059	32.8
13061	
13063	35.8
13065	36.7
13067	39.8
13069	36.4
13071	36
13073	39.6
13075	36.3
13077	35.9
13079	
13081	33.3
13083	41.5
13085	38.2
13087	37.4
13089	34.6
13091	39.8
13093	35.8
13095	32.6
13097	39.5
13099	34.4
13101	
13103	41
13105	36.2
13107	37.8
13109	36.2
13111	39.9
13113	43.7
13115	36.1
13117	46.9
13119	38.9
13121	33.1
13123	41.4
13125	
13127	35.5
13129	39.2
13131	37
13133	33.2
13135	41.3
13137	39.3
13139	39.1
13141	33.3
13143	40.9
13145	38.1
13147	38.9
13149	35.9
13151	39.5
13153	38.5
13155	37.2
13157	37.6
13159	34.4
13161	36.9
13163	35
13165	35.2
13167	34.3
13169	37.5
13171	37.9
13173	
13175	35.4
13177	40.6
13179	37.8
13181	36.3
13183	
13185	36.3
13187	40.9
13189	35.9
13191	36.4
13193	33.8
13195	36.6
13197	
13199	33.6
13201	38.3
13205	35.5
13207	35.2
13209	38
13211	33.3
13213	35.5
13215	35.2
13217	34.4
13219	40.5
13221	35.9
13223	38.2
13225	35.4
13227	39.3
13229	41.6
13231	39.2
13233	37.4
13235	33.7
13237	34
13239	
13241	38.5
13243	35.3
13245	35.8
13247	39.8
13249	
13251	36.1
13253	37.6
13255	34.9
13257	38.7
13259	
13261	33.5
13263	33.5
13265	
13267	36.5
13269	35.9
13271	36.9
13273	34.8
13275	36.1
13277	35.9
13279	37.8
13281	
13283	39.2
13285	35.3
13287	34.6
13289	33.7
13291	41.5
13293	36.8
13295	38.3
13297	36.8
13299	37.2
13301	32.7
13303	34.3
13305	37.6
13307	
13309	
13311	45
13313	38.3
13315	40
13317	35.9
13319	32.3
13321	38.6
15001	40.1
15003	44.8
15005	
15007	43.6
15009	42.2
16001	42.6
16003	
16005	43.1
16007	53.8
16009	45.6
16011	46.3
16013	43.1
16015	
16017	45.7
16019	45.5
16021	46.2
16023	
16025	
16027	41.6
16029	53.4
16031	48.2
16033	
16035	46.7
16037	
16039	44.1
16041	54.8
16043	49.6
16045	45.5
16047	46.3
16049	48.5
16051	49.1
16053	45.2
16055	44.8
16057	46.3
16059	46.2
16061	46.9
16063	
16065	51.6
16067	49.2
16069	43.6
16071	
16073	46
16075	43.9
16077	46.9
16079	43.4
16081	50.1
16083	45.5
16085	43.3
16087	45.7
17001	45.4
17003	35.7
17005	43.3
17007	42.9
17009	
17011	47.2
17013	
17015	46.8
17017	44.4
17019	40.5
17021	45.1
17023	47.5
17025	44.5
17027	52.3
17029	40.9
17031	38
17033	43.7
17035	44
17037	45.3
17039	46.3
17041	48.8
17043	49
17045	45.7
17047	49
17049	50.3
17051	45.6
17053	47.8
17055	45.3
17057	44.1
17059	50.5
17061	48.2
17063	46.8
17065	49.4
17067	51.4
17069	
17071	50.4
17073	46.9
17075	47.4
17077	40.5
17079	53
17081	43
17083	46.4
17085	50.3
17087	44.4
17089	41.4
17091	40.9
17093	49.2
17095	41.7
17097	42.7
17099	45.2
17101	44.8
17103	45.2
17105	46.9
17107	45.1
17109	48.2
17111	46.7
17113	42.7
17115	39.5
17117	44.3
17119	41.4
17121	40.8
17123	47.4
17125	43.1
17127	41.4
17129	46.8
17131	50.8
17133	51.1
17135	44.2
17137	41.4
17139	45.8
17141	45.8
17143	37.9
17145	45.2
17147	46.6
17149	47.4
17151	
17153	38.6
17155	42.6
17157	47.7
17159	46.2
17161	42
17163	37.6
17165	42.8
17167	39.4
17169	47.9
17171	
17173	45.9
17175	50.1
17177	42.5
17179	43.9
17181	42.8
17183	40.8
17185	44.8
17187	45
17189	50.6
17191	48.7
17193	46.7
17195	43.9
17197	42.4
17199	41.1
17201	38
17203	48.3
18001	45.3
18003	38.6
18005	39
18007	50
18009	39.7
18011	42.6
18013	44.1
18015	47.7
18017	42.1
18019	39.4
18021	43.6
18023	41.8
18025	42.6
18027	46.2
18029	42.5
18031	42.8
18033	41.2
18035	36.7
18037	52.7
18039	41
18041	35.2
18043	39.7
18045	44.6
18047	39.1
18049	42.7
18051	47.9
18053	37.3
18055	43.7
18057	43.2
18059	42.5
18061	44.6
18063	45.3
18065	39.8
18067	37.3
18069	41.6
18071	42.4
18073	48.7
18075	43.9
18077	41.3
18079	40.4
18081	41.6
18083	45.2
18085	43.7
18087	49
18089	39.4
18091	39.8
18093	39.7
18095	37.2
18097	35
18099	43.3
18101	44.3
18103	40.7
18105	38.3
18107	43.8
18109	41.2
18111	45.7
18113	42.8
18115	
18117	41.4
18119	39.1
18121	44.1
18123	45.6
18125	48.7
18127	44.8
18129	44.6
18131	45.4
18133	42.1
18135	42.5
18137	48.2
18139	42.4
18141	38.4
18143	36.3
18145	41.7
18147	49.5
18149	41.2
18151	41.5
18153	44.5
18155	42.5
18157	42.4
18159	44.1
18161	44
18163	39.2
18165	42.7
18167	40.4
18169	41.2
18171	
18173	44.6
18175	41.4
18177	37.4
18179	45.6
18181	45.7
18183	44.9
19001	54.3
19003	
19005	55.3
19007	48.3
19009	55.6
19011	50.4
19013	44.1
19015	47
19017	55
19019	52.8
19021	52.3
19023	56
19025	54.4
19027	59.8
19029	52.4
19031	51.8
19033	48.7
19035	55.1
19037	57
19039	49.2
19041	49.7
19043	55.3
19045	46.9
19047	55
19049	48.5
19051	51.1
19053	46.4
19055	56.3
19057	41.6
19059	51.3
19061	52.7
19063	54
19065	53.9
19067	53.4
19069	49.3
19071	50.5
19073	48.5
19075	54.8
19077	51
19079	49.4
19081	55.1
19083	53.3
19085	50.5
19087	51.9
19089	58.4
19091	55.2
19093	55.8
19095	54.7
19097	51.1
19099	48.9
19101	49.3
19103	45.9
19105	51.6
19107	54.4
19109	58.5
19111	44.7
19113	45.4
19115	48.3
19117	51.8
19119	60
19121	48.9
19123	50.3
19125	50.5
19127	45.8
19129	48.8
19131	56.7
19133	49.2
19135	51.9
19137	48.9
19139	45.7
19141	54.9
19143	56.4
19145	50.5
19147	54.8
19149	57.3
19151	58.3
19153	42.6
19155	44
19157	50.8
19159	
19161	57.2
19163	42.6
19165	52.9
19167	59.4
19169	51.1
19171	51.1
19173	51.9
19175	48.9
19177	50.4
19179	44.1
19181	50.1
19183	47
19185	51.2
19187	44.4
19189	49.8
19191	58
19193	44.5
19195	47.4
19197	49.8
20001	44.7
20003	47.3
20005	46.1
20007	56.9
20009	50.9
20011	44.9
20013	50.7
20015	45.2
20017	
20019	
20021	43.6
20023	
20025	
20027	50.3
20029	51.2
20031	47.9
20033	
20035	44
20037	44.7
20039	
20041	46.1
20043	49.6
20045	40.6
20047	
20049	
20051	53.1
20053	54.8
20055	45.3
20057	45.3
20059	43
20061	37.2
20063	
20065	
20067	47.7
20069	54.4
20071	
20073	48.8
20075	
20077	50
20079	46.3
20081	
20083	
20085	48.6
20087	49.6
20089	
20091	46.5
20093	
20095	52.3
20097	
20099	44.8
20101	
20103	41.1
20105	
20107	44.5
20109	
20111	45.5
20113	49.1
20115	49.8
20117	58.6
20119	
20121	47.9
20123	56.9
20125	42.8
20127	46.7
20129	
20131	63.8
20133	45.1
20135	
20137	51.3
20139	45.5
20141	
20143	49.4
20145	47.8
20147	54.2
20149	50.9
20151	49.4
20153	
20155	44.5
20157	49.6
20159	45.6
20161	43.8
20163	49.8
20165	
20167	51.5
20169	42.6
20171	52.7
20173	40.1
20175	45.9
20177	40.3
20179	
20181	49.2
20183	
20185	
20187	
20189	52.4
20191	45.3
20193	56.8
20195	
20197	48.2
20199	
20201	56
20203	
20205	45.3
20207	
20209	36
21001	41.5
21003	39.4
21005	41.5
21007	
21009	43.2
21011	39
21013	38.3
21015	41.9
21017	38.7
21019	39.2
21021	39.2
21023	38.3
21025	36.5
21027	44.9
21029	42.3
21031	43.3
21033	42.9
21035	41.9
21037	39.1
21039	
21041	39
21043	41.4
21045	40.1
21047	37.9
21049	35.5
21051	37.1
21053	41
21055	47.6
21057	
21059	42.4
21061	42.4
21063	
21065	38.9
21067	35.6
21069	41.4
21071	42
21073	37.6
21075	34.5
21077	
21079	38.7
21081	41.5
21083	42.3
21085	43.3
21087	47.6
21089	40.8
21091	46
21093	41.4
21095	43
21097	39
21099	39.6
21101	39.6
21103	41.9
21105	
21107	43.8
21109	41
21111	36
21113	35.5
21115	44.3
21117	36.9
21119	39.9
21121	38.2
21123	43.3
21125	40.1
21127	41.8
21129	
21131	43.2
21133	44.8
21135	41
21137	39.9
21139	41.5
21141	43
21143	
21145	38.4
21147	38.5
21149	45.7
21151	38.1
21153	40.8
21155	45.9
21157	46
21159	44.6
21161	38.8
21163	42.7
21165	
21167	40.3
21169	41.5
21171	44.3
21173	37.4
21175	41.1
21177	44
21179	43
21181	39
21183	43.8
21185	44.1
21187	41.2
21189	
21191	39.6
21193	41.4
21195	43.3
21197	39.6
21199	38.7
21201	
21203	38.4
21205	40
21207	40.7
21209	37.9
21211	40.2
21213	40.8
21215	42.8
21217	41.6
21219	42.2
21221	38.8
21223	42.6
21225	46
21227	39.3
21229	44.4
21231	38.9
21233	45.4
21235	39.8
21237	39.1
21239	38
22001	43.9
22003	44.6
22005	42.1
22007	42.8
22009	42
22011	44.9
22013	38.5
22015	40.4
22017	36.3
22019	41.3
22021	42.1
22023	46.2
22025	46.9
22027	40.2
22029	39.8
22031	39.6
22033	38.1
22035	35.4
22037	38.1
22039	45.5
22041	41.9
22043	42.4
22045	41.4
22047	38.7
22049	41.8
22051	40.2
22053	44.1
22055	42.1
22057	44.5
22059	50.9
22061	39.2
22063	42.8
22065	34.8
22067	36
22069	40
22071	34.8
22073	36.7
22075	43.7
22077	40.6
22079	39.1
22081	40.9
22083	39.1
22085	46.6
22087	42.8
22089	41.3
22091	37.7
22093	39.9
22095	38.4
22097	43.3
22099	41.6
22101	41.5
22103	41.2
22105	39.2
22107	40.2
22109	45.3
22111	41.5
22113	48
22115	43
22117	37.7
22119	40.3
22121	38.9
22123	44.2
22125	41.8
22127	41.5
23001	42.9
23003	43.6
23005	42.9
23007	46.1
23009	42.2
23011	42.9
23013	40.8
23015	42.1
23017	42.1
23019	42.3
23021	43.9
23023	41.5
23025	42.2
23027	39.4
23029	38.9
23031	44.7
24001	43.2
24003	40.8
24005	42.2
24009	43.5
24011	39.4
24013	47.5
24015	41.2
24017	42.9
24019	37.3
24021	45.6
24023	45.7
24025	43.5
24027	46.9
24029	40
24031	47.7
24033	40.2
24035	44.3
24037	44.3
24039	38.4
24041	39.8
24043	43.1
24045	38.6
24047	39.2
24510	33.8
25001	45
25003	42.5
25005	44.5
25007	43.4
25009	44
25011	43.8
25013	40.4
25015	45.4
25017	47.5
25019	
25021	49.7
25023	44.6
25025	39.8
25027	43.9
26001	42.8
26003	45.7
26005	43
26007	40
26009	40.5
26011	43.4
26013	43.4
26015	42.1
26017	41.2
26019	41.4
26021	38.5
26023	41.9
26025	36.9
26027	40.6
26029	41.6
26031	41.1
26033	41.3
26035	41.6
26037	45.7
26039	39.6
26041	45.2
26043	44.4
26045	42
26047	43.4
26049	35.4
26051	42.5
26053	47.6
26055	42.4
26057	42.4
26059	41.2
26061	47.2
26063	51.8
26065	37.5
26067	41.5
26069	41
26071	45.4
26073	41.6
26075	39
26077	37.5
26079	39.1
26081	38.6
26083	
26085	38.4
26087	43.6
26089	43.2
26091	41.5
26093	42.4
26095	
26097	44
26099	42.9
26101	43.4
26103	45.4
26105	41.4
26107	39.2
26109	48.4
26111	41.3
26113	44.2
26115	42.7
26117	41.4
26119	46.5
26121	36.9
26123	41.2
26125	40.9
26127	43.4
26129	41.5
26131	44.9
26133	43
26135	41.9
26137	44.9
26139	45.3
26141	46.7
26143	39.6
26145	37.5
26147	40
26149	40.6
26151	46
26153	43.5
26155	41.7
26157	43.2
26159	38.9
26161	38.9
26163	34.6
26165	42.2
27001	48.1
27003	46.1
27005	49.2
27007	40.3
27009	54.7
27011	58.9
27013	49.4
27015	56.8
27017	45.4
27019	52.5
27021	39.4
27023	52.5
27025	48.4
27027	48.1
27029	47.4
27031	
27033	54.5
27035	46
27037	46.9
27039	48.9
27041	52.9
27043	50.4
27045	55
27047	49.2
27049	51.6
27051	56.9
27053	41.2
27055	53.9
27057	46
27059	49.5
27061	48.7
27063	54.8
27065	48.3
27067	49.4
27069	56.6
27071	49
27073	56.4
27075	46.8
27077	
27079	53.5
27081	58.4
27083	53.9
27085	51.4
27087	44
27089	53.9
27091	52.5
27093	52.1
27095	46.7
27097	50.1
27099	49.1
27101	54.6
27103	49.9
27105	53.1
27107	51.3
27109	47
27111	50.5
27113	52.2
27115	46.5
27117	57.4
27119	51.5
27121	56.2
27123	41.9
27125	61.3
27127	56.6
27129	55.7
27131	47.4
27133	52.8
27135	54
27137	45.3
27139	49.8
27141	48
27143	55.5
27145	52.3
27147	48.2
27149	58.6
27151	54.1
27153	52.9
27155	
27157	53.2
27159	53.7
27161	50.9
27163	48.1
27165	49.7
27167	53
27169	50.9
27171	47.8
27173	53.7
28001	37.4
28003	37
28005	41.5
28007	40.2
28009	
28011	34.2
28013	39.3
28015	39.8
28017	36.5
28019	42.9
28021	33.4
28023	40.4
28025	34.5
28027	33
28029	36.3
28031	39.4
28033	39.8
28035	37.8
28037	41.1
28039	46.1
28041	42.2
28043	34.7
28045	40.1
28047	38.1
28049	34.3
28051	35.6
28053	32.3
28055	
28057	39.7
28059	38.5
28061	39.1
28063	34.2
28065	37.9
28067	39.8
28069	36.4
28071	37.5
28073	43.2
28075	36.2
28077	41.4
28079	40.8
28081	36
28083	33.7
28085	39.9
28087	35.3
28089	36.1
28091	41.8
28093	34.6
28095	38.5
28097	39.7
28099	37.1
28101	38.9
28103	36.7
28105	35.9
28107	33.6
28109	40.3
28111	43.6
28113	38
28115	40.8
28117	37.9
28119	32.7
28121	41.1
28123	36.6
28125	35.8
28127	40
28129	39.8
28131	42.2
28133	33.4
28135	34
28137	36.1
28139	40
28141	43.1
28143	31.8
28145	40.2
28147	39.1
28149	36.1
28151	33.2
28153	42.3
28155	40
28157	39.2
28159	36.2
28161	36.4
28163	36.1
29001	45.8
29003	46.2
29005	49.9
29007	43.9
29009	43.3
29011	44.9
29013	45.6
29015	44.5
29017	43.2
29019	39.9
29021	39.7
29023	39.6
29025	47
29027	41.5
29029	41.8
29031	41.4
29033	46.2
29035	46
29037	44.9
29039	42.3
29041	48.9
29043	44.2
29045	48
29047	43.6
29049	45.2
29051	43.9
29053	44.1
29055	42
29057	47.1
29059	42.6
29061	46.5
29063	48
29065	48.3
29067	42.7
29069	40
29071	44.2
29073	44.1
29075	49.7
29077	41.1
29079	43.2
29081	47.1
29083	42
29085	
29087	49.1
29089	45.7
29091	43.4
29093	41.6
29095	37.3
29097	42.2
29099	42.8
29101	42.5
29103	
29105	41.9
29107	44.2
29109	43.7
29111	48.2
29113	43.6
29115	48.4
29117	46.6
29119	41.7
29121	46.3
29123	43.1
29125	44.1
29127	44.5
29129	
29131	42.9
29133	38
29135	46.3
29137	47.5
29139	46.4
29141	42.4
29143	38.7
29145	44
29147	51.5
29149	46.8
29151	54.2
29153	43.6
29155	37.5
29157	46.5
29159	43.2
29161	41.4
29163	43.8
29165	43.8
29167	43.4
29169	41.1
29171	
29173	48.1
29175	40
29177	47
29179	47.5
29181	39.7
29183	44.3
29185	44.3
29186	45.2
29187	40.5
29189	39.1
29195	43.1
29197	
29199	
29201	41.8
29203	42.7
29205	54.8
29207	44.4
29209	43.3
29211	46.5
29213	40.2
29215	43.7
29217	43.6
29219	41.8
29221	41
29223	43.6
29225	41.2
29227	
29229	43
29510	32.2
30001	51.2
30003	33.9
30005	39.9
30007	
30009	49.9
30011	
30013	45.8
30015	51.8
30017	50.8
30019	
30021	56.1
30023	45.2
30025	
30027	50.3
30029	45.1
30031	47
30033	
30035	34.4
30037	
30039	
30041	42.9
30043	49.1
30045	
30047	41.8
30049	44.7
30051	
30053	47.7
30055	
30057	
30059	
30061	
30063	44
30065	
30067	45.2
30069	
30071	51.6
30073	50.4
30075	
30077	45.8
30079	
30081	47.7
30083	58.9
30085	42.4
30087	40.5
30089	48.3
30091	
30093	47.5
30095	52.6
30097	
30099	52.5
30101	
30103	
30105	50.7
30107	
30109	
30111	46.9
31001	49.7
31003	53.4
31005	
31007	
31009	
31011	61.3
31013	51.6
31015	
31017	
31019	51
31021	50.8
31023	55.1
31025	49.5
31027	63.2
31029	
31031	50.4
31033	50.8
31035	55.9
31037	55.4
31039	56.9
31041	54.6
31043	49.2
31045	53.8
31047	49.3
31049	
31051	52.9
31053	51
31055	40
31057	
31059	56.8
31061	
31063	
31065	55.3
31067	49
31069	
31071	
31073	
31075	
31077	
31079	48.5
31081	52.6
31083	
31085	
31087	
31089	57.7
31091	
31093	55.7
31095	55
31097	
31099	52.2
31101	51.9
31103	
31105	
31107	58.9
31109	42.4
31111	47.5
31113	
31115	
31117	
31119	50.8
31121	51.4
31123	56.1
31125	
31127	55.7
31129	
31131	49.9
31133	
31135	
31137	50.8
31139	57.2
31141	54.3
31143	
31145	51.7
31147	51.7
31149	
31151	55
31153	45.2
31155	51.3
31157	47
31159	52.9
31161	52.6
31163	
31165	
31167	
31169	59.4
31171	
31173	35.6
31175	
31177	53.3
31179	59.6
31181	
31183	
31185	53.7
32001	43.9
32003	39.9
32005	43
32007	46.3
32009	
32011	
32013	46.4
32015	48.2
32017	
32019	41.1
32021	
32023	41.6
32027	
32029	
32031	41.1
32033	48.1
32510	41.9
33001	44.7
33003	44.7
33005	42.2
33007	45.7
33009	43.7
33011	44.2
33013	43.2
33015	45
33017	43.1
33019	41.8
34001	38.9
34003	52.4
34005	44
34007	39.9
34009	42.7
34011	39.1
34013	38.7
34015	43.7
34017	44.1
34019	51.2
34021	39.4
34023	47
34025	45.1
34027	49.5
34029	45.6
34031	42.3
34033	42.3
34035	46.7
34037	47.8
34039	43.8
34041	47.1
35001	39.6
35003	
35005	41.2
35006	36.5
35007	44.7
35009	43.1
35011	
35013	41.3
35015	47.9
35017	41.3
35019	
35021	
35023	42.2
35025	48.6
35027	44.2
35028	49.2
35029	41.4
35031	32.1
35033	
35035	41.5
35037	43.2
35039	38.8
35041	42.4
35043	38.1
35045	40.3
35047	40.1
35049	40.5
35051	40.8
35053	39.9
35055	39.8
35057	41.6
35059	
35061	39
36001	42.3
36003	43.9
36005	38.5
36007	42.9
36009	44.2
36011	43.3
36013	42.6
36015	41
36017	43.3
36019	44.2
36021	42
36023	43.6
36025	45.5
36027	43
36029	42.6
36031	45.9
36033	41.5
36035	42.9
36037	44.6
36039	45.2
36041	
36043	45
36045	43.2
36047	41.8
36049	50.2
36051	45.6
36053	44
36055	39.3
36057	43.6
36059	49.7
36061	40.7
36063	41.5
36065	43.4
36067	40.3
36069	43.9
36071	42.3
36073	44.8
36075	42.9
36077	45.4
36079	51.5
36081	46.8
36083	42.8
36085	46.5
36087	44.5
36089	44.7
36091	45.5
36093	41.5
36095	45.4
36097	44.3
36099	45.4
36101	45.1
36103	47.2
36105	42.3
36107	41.6
36109	43.3
36111	42.6
36113	43.2
36115	43.5
36117	42
36119	45
36121	47.5
36123	45.6
37001	36.5
37003	37.7
37005	41.6
37007	33.6
37009	37.5
37011	40.3
37013	37.4
37015	37.4
37017	36.3
37019	36.1
37021	38.2
37023	36.2
37025	35.7
37027	34.7
37029	37.5
37031	39.7
37033	36.7
37035	36
37037	38.7
37039	39.8
37041	37.9
37043	41.9
37045	35.2
37047	35.5
37049	36.9
37051	35.9
37053	38.3
37055	39.7
37057	36.2
37059	40
37061	38.8
37063	33.6
37065	33.1
37067	35
37069	34.9
37071	34.7
37073	37.7
37075	43
37077	37.4
37079	35.8
37081	35.4
37083	34.9
37085	36.3
37087	40.2
37089	39.9
37091	35.2
37093	32.5
37095	
37097	35.2
37099	40.8
37101	38.1
37103	38.8
37105	36.8
37107	36.5
37109	37.6
37111	37.8
37113	42.7
37115	40
37117	36.5
37119	35
37121	41.2
37123	35.9
37125	36.8
37127	36.7
37129	35.8
37131	36
37133	39
37135	36.9
37137	38.3
37139	36.2
37141	36.3
37143	39.4
37145	37.1
37147	35.2
37149	38.2
37151	39.1
37153	34.4
37155	33
37157	36.5
37159	35.1
37161	36
37163	36.8
37165	32.9
37167	39.6
37169	38
37171	40.1
37173	39.5
37175	39.5
37177	
37179	38.6
37181	32.7
37183	38.4
37185	36
37187	36.6
37189	43
37191	37.6
37193	38.7
37195	35.4
37197	40.5
37199	39.6
38001	
38003	58
38005	41.4
38007	
38009	62.2
38011	
38013	
38015	52.3
38017	49.9
38019	
38021	
38023	
38025	
38027	
38029	
38031	
38033	
38035	49.3
38037	
38039	
38041	
38043	
38045	
38047	
38049	59.6
38051	
38053	
38055	54.3
38057	59.8
38059	55.9
38061	50.7
38063	
38065	
38067	55.6
38069	
38071	51.4
38073	58.9
38075	
38077	56.2
38079	37.6
38081	
38083	
38085	
38087	
38089	63.6
38091	
38093	53.5
38095	
38097	55
38099	56.4
38101	54.1
38103	
38105	61.6
39001	40.5
39003	39.3
39005	44.7
39007	40.6
39009	39
39011	47.3
39013	45.7
39015	41.5
39017	38.6
39019	43.6
39021	41
39023	36.5
39025	40.7
39027	39
39029	42.9
39031	38.7
39033	40.6
39035	36.4
39037	46.6
39039	41.2
39041	40.9
39043	40.3
39045	41.2
39047	37.5
39049	36
39051	46.7
39053	39.1
39055	46.3
39057	38.9
39059	42.4
39061	35.7
39063	43.1
39065	43.3
39067	45.1
39069	47.3
39071	39
39073	40
39075	46.6
39077	43.4
39079	39.1
39081	40.8
39083	44.3
39085	43.4
39087	39.6
39089	39.9
39091	41
39093	38.3
39095	35.9
39097	39.4
39099	40.3
39101	39.2
39103	44.8
39105	43.8
39107	51.5
39109	42.6
39111	49
39113	35.8
39115	41.7
39117	40.7
39119	40.2
39121	49
39123	44.6
39125	43.8
39127	39.6
39129	38
39131	38.5
39133	42.5
39135	42.2
39137	51.1
39139	39.4
39141	37.2
39143	42.5
39145	38.6
39147	44.3
39149	42.5
39151	39.8
39153	37.9
39155	39.2
39157	45.1
39159	42.4
39161	42.6
39163	39.3
39165	43.4
39167	43.3
39169	43.3
39171	45.9
39173	43.4
39175	48.9
40001	39.6
40003	
40005	45
40007	54
40009	52.1
40011	49.1
40013	41.2
40015	43.9
40017	46.9
40019	44.3
40021	40.7
40023	41.5
40025	
40027	44.7
40029	
40031	41.8
40033	47.4
40035	44.9
40037	42.9
40039	49.2
40041	41.8
40043	60.1
40045	
40047	46.4
40049	48.2
40051	47.1
40053	
40055	
40057	
40059	
40061	47.1
40063	45.6
40065	45
40067	50.3
40069	46.9
40071	44.2
40073	50.5
40075	45.7
40077	45.6
40079	45.8
40081	45.8
40083	43.7
40085	47.2
40087	47.2
40089	42
40091	42.1
40093	56.2
40095	46.1
40097	43.1
40099	46.4
40101	41.3
40103	45.2
40105	46.3
40107	42.9
40109	40.4
40111	41.8
40113	41.2
40115	42.3
40117	47.5
40119	46
40121	43
40123	45.1
40125	41.6
40127	45.3
40129	
40131	44.7
40133	41.6
40135	42.7
40137	47.9
40139	49
40141	45.6
40143	40
40145	44.5
40147	41.5
40149	51
40151	52.7
40153	50.5
41001	46.2
41003	42.1
41005	43.2
41007	42.7
41009	42.4
41011	41.2
41013	43.6
41015	40.8
41017	42.2
41019	40.6
41021	
41023	49.7
41025	44
41027	45.6
41029	41
41031	35.6
41033	40.7
41035	41.4
41037	47.9
41039	39.7
41041	40.7
41043	39.5
41045	43.8
41047	40.9
41049	44.3
41051	39.1
41053	41.5
41055	
41057	41.9
41059	42.8
41061	44.9
41063	47.7
41065	43.2
41067	43.1
41069	
41071	41.6
42001	48.6
42003	42.8
42005	49.1
42007	44.7
42009	48
42011	44.3
42013	43.9
42015	49.1
42017	47.2
42019	48.6
42021	48.7
42023	45.9
42025	48.1
42027	47.3
42029	46.1
42031	50.8
42033	47
42035	47.5
42037	46.7
42039	45.1
42041	46.3
42043	40.1
42045	43.8
42047	48.7
42049	42.2
42051	44.7
42053	
42055	46.2
42057	47.2
42059	49.8
42061	46.9
42063	51.4
42065	48.9
42067	49.5
42069	45.8
42071	44.7
42073	44.4
42075	46.7
42077	43.9
42079	45.9
42081	45.4
42083	45.7
42085	43.2
42087	43.1
42089	44.3
42091	47
42093	43.9
42095	45
42097	48.5
42099	46.2
42101	37.1
42103	44.8
42105	50.8
42107	49.1
42109	47.3
42111	48.7
42113	
42115	49
42117	49.1
42119	48.8
42121	44.9
42123	44.4
42125	47.3
42127	48.1
42129	47.2
42131	47.5
42133	44.2
44001	45
44003	44.7
44005	41.3
44007	42.3
44009	44
45001	36.9
45003	37.5
45005	32.5
45007	36.9
45009	35
45011	35
45013	36.7
45015	39
45017	36
45019	36.7
45021	34.5
45023	34.9
45025	35.7
45027	36.2
45029	36.2
45031	35.3
45033	34.6
45035	39.3
45037	34.9
45039	32.7
45041	36.2
45043	35.8
45045	37
45047	35
45049	36.3
45051	36.7
45053	34.1
45055	37.9
45057	35.4
45059	36
45061	34.3
45063	39.3
45065	34
45067	34.6
45069	33.8
45071	37.3
45073	39.9
45075	35.3
45077	38.7
45079	34.4
45081	36.5
45083	37
45085	36.4
45087	34.5
45089	36.5
45091	36.9
46003	
46005	51.7
46007	
46009	56.3
46011	52.5
46013	51.4
46015	50
46017	
46019	51
46021	
46023	43.8
46025	
46027	49
46029	51.1
46031	
46033	46.1
46035	51.1
46037	54.4
46039	
46041	35.8
46043	
46045	
46047	48.1
46049	
46051	52.4
46053	54.2
46055	
46057	59.9
46059	
46061	
46063	
46065	45
46067	60.2
46069	
46071	
46073	
46075	
46077	58.8
46079	52.7
46081	49.6
46083	51.8
46085	
46087	57.2
46089	
46091	
46093	47.5
46095	
46097	
46099	47.8
46101	50.6
46103	43.3
46105	
46107	
46109	43.1
46111	
46113	23.7
46115	57.9
46117	
46119	
46121	24.3
46123	50.7
46125	55.6
46127	52.8
46129	46.7
46135	52.7
46137	
47001	39.2
47003	37.3
47005	39.2
47007	42.8
47009	38.3
47011	39.4
47013	38.3
47015	44.2
47017	40
47019	37.9
47021	39.4
47023	43
47025	39.8
47027	
47029	36.9
47031	40.2
47033	38.8
47035	41.1
47037	35.5
47039	45
47041	39.9
47043	40.5
47045	39
47047	34.5
47049	39.1
47051	39.4
47053	38.3
47055	43
47057	39.7
47059	38.5
47061	38.4
47063	38.2
47065	37
47067	
47069	37
47071	39.3
47073	37.7
47075	34.1
47077	40.1
47079	39.2
47081	38.6
47083	43.2
47085	39.1
47087	40.1
47089	38.6
47091	36.2
47093	37
47095	
47097	36.2
47099	41.2
47101	42.3
47103	43.1
47105	39.3
47107	39.4
47109	39.4
47111	43.2
47113	35.8
47115	40.5
47117	40.4
47119	37.2
47121	38.9
47123	38.9
47125	39
47127	
47129	39.3
47131	36.9
47133	42.1
47135	37.5
47137	
47139	39
47141	40.7
47143	40.4
47145	37.7
47147	40.7
47149	39.5
47151	39.5
47153	40.3
47155	37
47157	33
47159	42.5
47161	44
47163	37.7
47165	41
47167	37
47169	40.5
47171	38.4
47173	38.9
47175	
47177	39.1
47179	37
47181	45.3
47183	40.8
47185	39.6
47187	42.4
47189	41.3
48001	42.4
48003	57.2
48005	42.2
48007	45.8
48009	50
48011	
48013	46
48015	46.1
48017	48.1
48019	47
48021	41.7
48023	
48025	44.4
48027	39.6
48029	40.4
48031	48.3
48033	
48035	44.8
48037	39.1
48039	45.4
48041	41.1
48043	48.7
48045	
48047	46.9
48049	44
48051	44.4
48053	43.2
48055	41.1
48057	45.8
48059	49.9
48061	43.5
48063	41.7
48065	58.3
48067	44.8
48069	45.5
48071	46.2
48073	43.1
48075	43.2
48077	48.9
48079	
48081	
48083	46.4
48085	45.6
48087	
48089	47.4
48091	44.1
48093	48.4
48095	
48097	47.3
48099	43.1
48101	
48103	
48105	
48107	43.1
48109	
48111	49.7
48113	39.1
48115	45.1
48117	43.5
48119	
48121	44.9
48123	47.6
48125	
48127	45.5
48129	
48131	51.7
48133	47.3
48135	50.8
48137	
48139	42.5
48141	44.3
48143	47.7
48145	40.4
48147	43.2
48149	50.4
48151	
48153	43.6
48155	
48157	43.5
48159	44.4
48161	46.2
48163	45.1
48165	54.6
48167	41.6
48169	
48171	47.8
48173	
48175	47.2
48177	43.7
48179	48.8
48181	41.3
48183	43.5
48185	41.4
48187	41.3
48189	44.4
48191	
48193	47.7
48195	53.2
48197	
48199	46.3
48201	42.6
48203	42.4
48205	
48207	50.4
48209	40.7
48211	
48213	43.8
48215	44.1
48217	44.2
48219	46.7
48221	45.7
48223	44.6
48225	42.2
48227	47.9
48229	
48231	40.1
48233	49.4
48235	
48237	54
48239	48.2
48241	44.7
48243	
48245	41.5
48247	
48249	49.3
48251	46
48253	47.4
48255	47.6
48257	41.8
48259	46.7
48261	
48263	
48265	43.2
48267	
48269	
48271	
48273	44.7
48275	
48277	39.8
48279	46.8
48281	44.1
48283	45.7
48285	52
48287	47
48289	49.5
48291	45
48293	43.7
48295	
48297	48.8
48299	43.4
48301	
48303	40.3
48305	43.2
48307	48.6
48309	39
48311	
48313	40.5
48315	42.8
48317	
48319	
48321	46.2
48323	46.5
48325	44.8
48327	
48329	49.2
48331	44.6
48333	
48335	51.4
48337	50.8
48339	44.5
48341	46.4
48343	42.3
48345	
48347	41.5
48349	41.6
48351	41.3
48353	46.2
48355	42.4
48357	56.2
48359	
48361	45.6
48363	45.1
48365	46.3
48367	46.8
48369	47.8
48371	52.8
48373	43.8
48375	40.4
48377	53.5
48379	46.5
48381	46.5
48383	
48385	
48387	42.6
48389	52.4
48391	47.2
48393	
48395	42
48397	44.2
48399	46.9
48401	45.3
48403	46.9
48405	42.7
48407	42.8
48409	45
48411	
48413	
48415	49.2
48417	
48419	45.9
48421	
48423	41.3
48425	48.5
48427	47.6
48429	44.3
48431	
48433	
48435	
48437	45.5
48439	41
48441	43.7
48443	
48445	42.1
48447	
48449	43.3
48451	42.9
48453	38.7
48455	39.7
48457	45.3
48459	43.8
48461	
48463	43.8
48465	47.6
48467	44.5
48469	43.4
48471	41
48473	42
48475	53.4
48477	41.6
48479	44.7
48481	45.3
48483	
48485	43.1
48487	42.7
48489	44.5
48491	43.5
48493	45
48495	54.1
48497	48.3
48499	46.8
48501	54.3
48503	48.7
48505	47.8
48507	44.7
49001	52.1
49003	48.4
49005	50.3
49007	49.4
49009	
49011	47.9
49013	59
49015	50.5
49017	51.9
49019	46.1
49021	46
49023	51
49025	47.4
49027	51.1
49029	52.8
49031	
49033	
49035	45.7
49037	44.7
49039	50.2
49041	49.8
49043	55.6
49045	47.7
49047	54.5
49049	49.1
49051	52.7
49053	45.8
49055	
49057	44.4
50001	44.3
50003	42.6
50005	43.8
50007	42.7
50009	46.5
50011	44
50013	
50015	44.5
50017	45.2
50019	44.7
50021	44.5
50023	45.6
50025	44.3
50027	44.8
51001	38.9
51003	41.7
51005	
51007	41
51009	42.2
51011	37.1
51013	47.9
51015	42.9
51017	
51019	42.1
51021	46
51023	45.1
51025	36.8
51027	49.3
51029	36.9
51031	40
51033	38.4
51035	40.1
51036	
51037	41.2
51041	41.8
51043	45.4
51045	
51047	39.7
51049	
51051	49.8
51053	37.5
51057	41.2
51059	51.2
51061	42
51063	43
51065	40.1
51067	41.6
51069	42.6
51071	39.5
51073	41.6
51075	41.4
51077	42.5
51079	39.1
51081	
51083	38.4
51085	44.9
51087	41.3
51089	36.6
51091	
51093	38.3
51095	39.3
51097	
51099	41.1
51101	39.4
51103	39.7
51105	41.1
51107	48.4
51109	40
51111	36.3
51113	41
51115	45.9
51117	38.8
51119	43.7
51121	40.2
51125	41.6
51127	44.3
51131	37.4
51133	37.8
51135	37.4
51137	40.2
51139	42.7
51141	43.8
51143	40.5
51145	42.3
51147	36.4
51149	40.9
51153	42.8
51155	35.3
51157	44.8
51159	40.6
51161	43.7
51163	44.8
51165	44.6
51167	46.7
51169	43.3
51171	45.1
51173	39.8
51175	38.4
51177	42.6
51179	44.2
51181	40.7
51183	37.3
51185	43.5
51187	43.6
51191	42.1
51193	39.3
51195	43.2
51197	43
51199	42.4
51510	43.7
51515	40.2
51520	37.7
51530	41.5
51540	34.5
51550	39.4
51560	
51570	43.8
51580	41.1
51590	34.9
51595	34.6
51600	53.3
51610	47.3
51620	35.6
51630	37.7
51640	40
51650	37.4
51660	42.4
51670	37.9
51678	44.3
51680	36.8
51683	45
51685	45.1
51690	35
51700	36.3
51710	35
51720	
51730	33.7
51735	51
51740	35.8
51750	39.3
51760	30.9
51770	35.1
51775	42.6
51790	40.2
51800	36.1
51810	40.7
51820	39.3
51830	
51840	39.5
53001	47.7
53003	40.4
53005	45.2
53007	45.5
53009	40.4
53011	41.9
53013	
53015	40.4
53017	43.6
53019	40
53021	43.6
53023	
53025	44.4
53027	40.8
53029	45.3
53031	44.1
53033	43.8
53035	42.7
53037	46.5
53039	40.6
53041	43.4
53043	48.4
53045	41.9
53047	42
53049	42.5
53051	44.5
53053	42
53055	39.1
53057	44.2
53059	40.2
53061	44.2
53063	41.9
53065	43
53067	42.2
53069	
53071	43.5
53073	44.1
53075	50.4
53077	42.9
54001	46.3
54003	39.4
54005	44
54007	48.3
54009	43
54011	38.1
54013	50.8
54015	44.5
54017	
54019	43.3
54021	
54023	41.3
54025	43
54027	40.6
54029	40.5
54031	42.6
54033	41.9
54035	40.8
54037	39.3
54039	40.4
54041	46.4
54043	45.7
54045	44.9
54047	42.4
54049	45.1
54051	47
54053	41.7
54055	40.5
54057	43.9
54059	44.9
54061	43.2
54063	44.2
54065	42
54067	45.9
54069	41.8
54071	47.6
54073	49.7
54075	45.3
54077	47.3
54079	44.7
54081	44.5
54083	42.8
54085	43.2
54087	45.1
54089	39.9
54091	44.2
54093	
54095	50.8
54097	46.7
54099	41.2
54101	46.6
54103	44.3
54105	43.8
54107	39.1
54109	47.3
55001	39.4
55003	44.9
55005	49.1
55007	43.6
55009	46.2
55011	52.8
55013	45.5
55015	53.6
55017	48.6
55019	52.7
55021	47.5
55023	50.3
55025	42.4
55027	50.1
55029	51.1
55031	42.6
55033	48.6
55035	46.1
55037	
55039	48.3
55041	48.5
55043	51.5
55045	48
55047	50.9
55049	53
55051	
55053	46.1
55055	46.5
55057	48.4
55059	38.1
55061	49.6
55063	45.3
55065	54.3
55067	46
55069	48
55071	48.2
55073	49.9
55075	46.5
55077	43.7
55078	
55079	36.1
55081	47
55083	47.2
55085	45.6
55087	48.2
55089	49.7
55091	58.9
55093	53.8
55095	47.4
55097	48.1
55099	50.3
55101	39.6
55103	44.4
55105	41.2
55107	46.6
55109	50.1
55111	46.3
55113	42.1
55115	48.4
55117	46.3
55119	50.9
55121	50.9
55123	49.5
55125	44.3
55127	45.3
55129	46.1
55131	49.6
55133	47.8
55135	49.1
55137	46.4
55139	44.5
55141	48.5
56001	48.5
56003	53.2
56005	54.7
56007	49.4
56009	54.2
56011	61.7
56013	46.4
56015	48.8
56017	
56019	56.3
56021	45.2
56023	52.7
56025	49.5
56027	
56029	52.4
56031	54.1
56033	50.9
56035	
56037	53.1
56039	50.4
56041	50.3
56043	47.5
56045	52.6